date,channel,sessions,users,new_users,conversions,bounce_rate,avg_session_duration_sec,pageviews
2024-01-01,Organic Search,184,144,121,4,0.416,199,633
2024-01-02,Organic Search,179,160,107,10,0.451,178,418
2024-01-03,Organic Search,186,159,131,4,0.439,220,365
2024-01-04,Organic Search,194,178,111,7,0.452,186,593
2024-01-05,Organic Search,179,157,109,7,0.447,172,568
2024-01-06,Organic Search,134,121,85,7,0.463,185,389
2024-01-07,Organic Search,147,131,103,6,0.385,154,288
2024-01-08,Organic Search,189,148,118,6,0.366,192,530
2024-01-09,Organic Search,178,139,122,2,0.393,178,478
2024-01-10,Organic Search,187,151,122,8,0.492,221,539
2024-01-11,Organic Search,178,163,113,7,0.451,172,402
2024-01-12,Organic Search,179,141,99,5,0.397,218,374
2024-01-13,Organic Search,139,113,89,2,0.448,210,316
2024-01-14,Organic Search,124,109,79,8,0.38,221,275
2024-01-15,Organic Search,168,148,92,4,0.413,222,330
2024-01-16,Organic Search,179,151,103,6,0.36,158,509
2024-01-17,Organic Search,175,137,107,6,0.422,231,569
2024-01-18,Organic Search,187,150,105,7,0.414,186,522
2024-01-19,Organic Search,176,151,108,9,0.402,227,480
2024-01-20,Organic Search,129,107,92,7,0.405,189,302
2024-01-21,Organic Search,149,116,102,7,0.401,177,444
2024-01-22,Organic Search,184,166,124,7,0.401,202,386
2024-01-23,Organic Search,187,166,134,8,0.366,160,583
2024-01-24,Organic Search,173,157,120,4,0.467,176,533
2024-01-25,Organic Search,182,164,115,3,0.404,203,604
2024-01-26,Organic Search,188,146,132,5,0.412,172,642
2024-01-27,Organic Search,132,113,86,8,0.366,176,311
2024-01-28,Organic Search,143,126,97,5,0.399,184,390
2024-01-29,Organic Search,182,164,110,5,0.438,212,358
2024-01-30,Organic Search,185,162,104,3,0.437,202,358
2024-01-31,Organic Search,183,168,112,3,0.455,175,624
2024-02-01,Organic Search,206,182,126,13,0.359,216,688
2024-02-02,Organic Search,189,160,104,3,0.4,184,378
2024-02-03,Organic Search,134,116,90,2,0.435,186,326
2024-02-04,Organic Search,148,133,87,3,0.422,204,516
2024-02-05,Organic Search,178,152,127,3,0.488,193,530
2024-02-06,Organic Search,192,166,124,6,0.417,204,548
2024-02-07,Organic Search,172,138,108,4,0.451,148,332
2024-02-08,Organic Search,178,163,119,11,0.363,192,566
2024-02-09,Organic Search,193,154,136,7,0.442,214,484
2024-02-10,Organic Search,149,134,83,8,0.418,179,473
2024-02-11,Organic Search,145,116,94,10,0.43,183,468
2024-02-12,Organic Search,191,161,118,8,0.417,183,624
2024-02-13,Organic Search,189,173,135,8,0.465,191,643
2024-02-14,Organic Search,178,145,111,8,0.379,195,523
2024-02-15,Organic Search,186,154,105,7,0.427,225,579
2024-02-16,Organic Search,189,169,121,6,0.451,188,469
2024-02-17,Organic Search,153,119,103,3,0.465,202,330
2024-02-18,Organic Search,148,115,90,2,0.368,213,376
2024-02-19,Organic Search,177,146,112,9,0.405,211,505
2024-02-20,Organic Search,198,180,113,9,0.42,200,443
2024-02-21,Organic Search,191,175,121,6,0.454,156,421
2024-02-22,Organic Search,188,150,107,3,0.387,194,448
2024-02-23,Organic Search,201,170,133,10,0.407,175,375
2024-02-24,Organic Search,154,126,89,3,0.377,181,372
2024-02-25,Organic Search,154,135,85,5,0.435,209,298
2024-02-26,Organic Search,188,170,105,9,0.446,172,577
2024-02-27,Organic Search,193,156,118,4,0.491,178,468
2024-02-28,Organic Search,200,176,111,6,0.446,165,664
2024-02-29,Organic Search,207,176,117,7,0.466,135,457
2024-03-01,Organic Search,193,160,106,5,0.388,171,454
2024-03-02,Organic Search,147,132,95,2,0.452,198,389
2024-03-03,Organic Search,140,119,90,2,0.407,216,282
2024-03-04,Organic Search,186,154,122,4,0.363,203,646
2024-03-05,Organic Search,207,168,117,7,0.406,172,429
2024-03-06,Organic Search,212,173,122,4,0.345,198,735
2024-03-07,Organic Search,198,165,141,3,0.427,190,443
2024-03-08,Organic Search,210,183,148,4,0.481,217,477
2024-03-09,Organic Search,152,122,91,6,0.428,130,336
2024-03-10,Organic Search,145,125,86,2,0.386,190,379
2024-03-11,Organic Search,204,160,123,7,0.402,200,603
2024-03-12,Organic Search,216,186,136,9,0.367,164,730
2024-03-13,Organic Search,201,183,114,9,0.425,186,423
2024-03-14,Organic Search,217,191,140,3,0.416,187,683
2024-03-15,Organic Search,175,140,101,4,0.436,205,470
2024-03-16,Organic Search,158,142,97,4,0.412,211,385
2024-03-17,Organic Search,152,124,102,5,0.373,185,506
2024-03-18,Organic Search,199,170,140,5,0.393,190,676
2024-03-19,Organic Search,204,168,117,7,0.435,209,552
2024-03-20,Organic Search,183,162,105,9,0.387,168,560
2024-03-21,Organic Search,201,172,136,2,0.41,201,642
2024-03-22,Organic Search,207,185,118,4,0.459,176,425
2024-03-23,Organic Search,164,144,110,4,0.462,205,446
2024-03-24,Organic Search,149,123,86,3,0.425,201,369
2024-03-25,Organic Search,196,178,112,6,0.425,237,556
2024-03-26,Organic Search,200,180,141,2,0.473,196,673
2024-03-27,Organic Search,215,172,139,8,0.38,222,656
2024-03-28,Organic Search,209,190,130,11,0.496,195,517
2024-03-29,Organic Search,200,165,137,3,0.446,138,672
2024-03-30,Organic Search,158,130,106,4,0.375,179,405
2024-03-31,Organic Search,155,124,98,3,0.444,181,374
2024-04-01,Organic Search,217,188,119,7,0.389,195,745
2024-04-02,Organic Search,200,167,112,4,0.42,188,562
2024-04-03,Organic Search,204,180,119,3,0.417,188,433
2024-04-04,Organic Search,203,171,131,2,0.462,131,517
2024-04-05,Organic Search,193,165,111,5,0.429,179,657
2024-04-06,Organic Search,158,129,104,4,0.409,183,326
2024-04-07,Organic Search,158,137,87,6,0.399,170,464
2024-04-08,Organic Search,209,166,143,2,0.435,163,460
2024-04-09,Organic Search,207,168,139,3,0.427,190,512
2024-04-10,Organic Search,194,156,116,7,0.37,220,643
2024-04-11,Organic Search,205,169,121,9,0.459,149,462
2024-04-12,Organic Search,206,172,132,7,0.367,174,702
2024-04-13,Organic Search,151,120,105,6,0.449,184,477
2024-04-14,Organic Search,156,122,92,4,0.485,198,349
2024-04-15,Organic Search,215,192,154,4,0.381,187,486
2024-04-16,Organic Search,231,209,131,2,0.371,196,633
2024-04-17,Organic Search,213,190,124,8,0.469,216,624
2024-04-18,Organic Search,214,194,132,4,0.432,137,402
2024-04-19,Organic Search,211,186,119,4,0.377,196,519
2024-04-20,Organic Search,144,119,96,3,0.437,149,375
2024-04-21,Organic Search,159,144,107,6,0.438,154,300
2024-04-22,Organic Search,214,184,129,7,0.409,189,412
2024-04-23,Organic Search,240,203,160,9,0.373,176,766
2024-04-24,Organic Search,211,185,125,9,0.367,207,412
2024-04-25,Organic Search,217,173,154,11,0.38,180,590
2024-04-26,Organic Search,214,188,147,10,0.459,206,694
2024-04-27,Organic Search,151,128,88,3,0.445,187,280
2024-04-28,Organic Search,170,139,120,7,0.454,183,550
2024-04-29,Organic Search,223,199,124,6,0.378,195,447
2024-04-30,Organic Search,224,196,136,4,0.412,187,523
2024-05-01,Organic Search,206,183,124,7,0.446,190,586
2024-05-02,Organic Search,231,180,161,5,0.441,185,729
2024-05-03,Organic Search,201,166,136,15,0.405,135,576
2024-05-04,Organic Search,167,153,113,8,0.37,149,509
2024-05-05,Organic Search,180,143,109,4,0.39,163,395
2024-05-06,Organic Search,206,161,147,3,0.362,160,608
2024-05-07,Organic Search,211,192,144,5,0.415,168,695
2024-05-08,Organic Search,219,185,143,11,0.455,217,585
2024-05-09,Organic Search,212,170,124,5,0.437,172,507
2024-05-10,Organic Search,201,184,140,3,0.409,161,620
2024-05-11,Organic Search,164,131,112,6,0.399,170,444
2024-05-12,Organic Search,155,133,87,5,0.409,196,313
2024-05-13,Organic Search,224,204,156,10,0.436,206,612
2024-05-14,Organic Search,209,174,128,3,0.447,165,552
2024-05-15,Organic Search,237,192,157,4,0.316,167,665
2024-05-16,Organic Search,211,174,140,9,0.371,194,694
2024-05-17,Organic Search,217,189,150,9,0.432,199,699
2024-05-18,Organic Search,172,150,112,7,0.401,194,567
2024-05-19,Organic Search,155,121,107,7,0.409,168,474
2024-05-20,Organic Search,224,200,154,5,0.413,185,512
2024-05-21,Organic Search,236,216,155,8,0.443,157,641
2024-05-22,Organic Search,204,162,138,8,0.436,185,485
2024-05-23,Organic Search,224,203,127,8,0.425,193,429
2024-05-24,Organic Search,225,197,126,6,0.366,204,642
2024-05-25,Organic Search,173,156,123,2,0.431,174,318
2024-05-26,Organic Search,157,129,99,1,0.442,206,401
2024-05-27,Organic Search,209,192,130,5,0.383,181,658
2024-05-28,Organic Search,230,186,129,9,0.454,211,520
2024-05-29,Organic Search,227,181,141,12,0.417,197,655
2024-05-30,Organic Search,227,185,162,6,0.447,180,497
2024-05-31,Organic Search,228,178,150,5,0.449,178,593
2024-06-01,Organic Search,163,131,113,10,0.441,199,527
2024-06-02,Organic Search,171,148,97,7,0.457,194,447
2024-06-03,Organic Search,229,182,152,4,0.379,178,603
2024-06-04,Organic Search,218,187,129,3,0.401,204,561
2024-06-05,Organic Search,247,195,152,2,0.494,175,567
2024-06-06,Organic Search,232,208,158,9,0.419,173,458
2024-06-07,Organic Search,213,195,122,5,0.492,184,637
2024-06-08,Organic Search,176,137,106,6,0.394,185,421
2024-06-09,Organic Search,162,128,100,2,0.426,163,481
2024-06-10,Organic Search,237,191,137,10,0.428,169,711
2024-06-11,Organic Search,241,219,134,3,0.474,192,790
2024-06-12,Organic Search,219,195,133,8,0.423,204,698
2024-06-13,Organic Search,239,207,152,7,0.409,189,454
2024-06-14,Organic Search,233,186,162,6,0.389,174,732
2024-06-15,Organic Search,179,152,115,7,0.392,200,625
2024-06-16,Organic Search,188,163,109,11,0.405,189,348
2024-06-17,Organic Search,227,191,158,5,0.448,202,572
2024-06-18,Organic Search,221,183,158,6,0.373,225,670
2024-06-19,Organic Search,220,198,154,7,0.371,173,617
2024-06-20,Organic Search,221,178,144,11,0.461,200,447
2024-06-21,Organic Search,230,208,133,9,0.43,179,606
2024-06-22,Organic Search,176,158,110,4,0.353,189,494
2024-06-23,Organic Search,176,146,125,3,0.444,160,414
2024-06-24,Organic Search,241,192,172,10,0.373,179,463
2024-06-25,Organic Search,232,197,140,5,0.412,209,515
2024-06-26,Organic Search,249,218,144,9,0.445,209,649
2024-06-27,Organic Search,230,205,149,10,0.411,192,457
2024-06-28,Organic Search,265,208,169,7,0.416,164,897
2024-06-29,Organic Search,180,153,100,5,0.424,194,589
2024-06-30,Organic Search,167,142,105,5,0.394,193,309
2024-01-01,Paid Search,94,85,60,2,0.485,109,240
2024-01-02,Paid Search,85,72,60,4,0.518,141,276
2024-01-03,Paid Search,93,84,52,3,0.497,165,306
2024-01-04,Paid Search,85,75,58,6,0.495,137,211
2024-01-05,Paid Search,87,76,52,2,0.512,145,278
2024-01-06,Paid Search,74,66,52,2,0.584,135,229
2024-01-07,Paid Search,67,56,41,2,0.499,122,128
2024-01-08,Paid Search,92,73,65,1,0.525,143,233
2024-01-09,Paid Search,95,80,59,3,0.518,126,205
2024-01-10,Paid Search,93,81,53,5,0.489,140,324
2024-01-11,Paid Search,92,80,65,1,0.493,133,184
2024-01-12,Paid Search,93,73,62,3,0.51,127,324
2024-01-13,Paid Search,77,66,46,5,0.525,187,194
2024-01-14,Paid Search,68,61,42,1,0.495,118,170
2024-01-15,Paid Search,93,82,63,6,0.509,138,243
2024-01-16,Paid Search,97,79,65,1,0.513,119,210
2024-01-17,Paid Search,97,78,69,1,0.48,141,264
2024-01-18,Paid Search,98,88,55,4,0.474,141,230
2024-01-19,Paid Search,95,80,58,6,0.484,96,297
2024-01-20,Paid Search,65,59,44,5,0.544,119,165
2024-01-21,Paid Search,75,67,41,2,0.507,160,216
2024-01-22,Paid Search,87,78,57,5,0.491,145,233
2024-01-23,Paid Search,94,83,59,2,0.503,143,182
2024-01-24,Paid Search,89,70,50,5,0.486,167,205
2024-01-25,Paid Search,93,82,61,4,0.496,133,182
2024-01-26,Paid Search,95,84,56,5,0.528,168,232
2024-01-27,Paid Search,71,56,46,2,0.529,166,191
2024-01-28,Paid Search,72,65,49,1,0.554,177,221
2024-01-29,Paid Search,101,88,57,7,0.527,137,220
2024-01-30,Paid Search,96,80,59,4,0.527,144,212
2024-01-31,Paid Search,93,75,65,2,0.47,160,296
2024-02-01,Paid Search,99,88,69,7,0.535,125,255
2024-02-02,Paid Search,100,88,68,7,0.479,152,272
2024-02-03,Paid Search,66,60,36,7,0.507,140,200
2024-02-04,Paid Search,73,59,46,5,0.525,156,198
2024-02-05,Paid Search,98,83,58,5,0.564,154,321
2024-02-06,Paid Search,93,82,53,5,0.502,141,206
2024-02-07,Paid Search,102,93,57,6,0.549,133,218
2024-02-08,Paid Search,94,82,61,5,0.495,119,294
2024-02-09,Paid Search,96,74,65,5,0.467,119,197
2024-02-10,Paid Search,71,64,51,2,0.485,100,214
2024-02-11,Paid Search,72,62,44,6,0.56,126,129
2024-02-12,Paid Search,90,74,61,5,0.515,125,235
2024-02-13,Paid Search,89,70,57,5,0.566,179,251
2024-02-14,Paid Search,104,92,61,6,0.51,168,200
2024-02-15,Paid Search,92,76,62,1,0.538,155,246
2024-02-16,Paid Search,92,73,55,4,0.485,139,200
2024-02-17,Paid Search,64,56,46,3,0.516,153,161
2024-02-18,Paid Search,70,62,39,4,0.544,135,171
2024-02-19,Paid Search,90,77,52,5,0.468,118,166
2024-02-20,Paid Search,105,94,62,1,0.453,145,356
2024-02-21,Paid Search,102,85,71,3,0.499,150,322
2024-02-22,Paid Search,94,79,53,4,0.516,134,248
2024-02-23,Paid Search,108,95,73,5,0.521,120,219
2024-02-24,Paid Search,77,67,54,5,0.481,124,170
2024-02-25,Paid Search,72,58,42,6,0.501,173,224
2024-02-26,Paid Search,86,72,47,1,0.513,119,214
2024-02-27,Paid Search,109,98,60,4,0.517,143,299
2024-02-28,Paid Search,91,71,56,8,0.537,123,315
2024-02-29,Paid Search,90,78,52,3,0.47,190,310
2024-03-01,Paid Search,104,86,59,5,0.497,131,231
2024-03-02,Paid Search,83,71,53,6,0.501,145,249
2024-03-03,Paid Search,79,62,49,4,0.472,140,269
2024-03-04,Paid Search,102,89,64,7,0.563,121,278
2024-03-05,Paid Search,102,86,70,2,0.491,140,319
2024-03-06,Paid Search,103,84,59,3,0.545,126,276
2024-03-07,Paid Search,103,92,72,3,0.499,152,264
2024-03-08,Paid Search,101,89,56,10,0.508,127,337
2024-03-09,Paid Search,75,63,42,4,0.541,152,183
2024-03-10,Paid Search,74,67,43,5,0.455,146,232
2024-03-11,Paid Search,96,83,65,5,0.533,138,259
2024-03-12,Paid Search,99,86,67,3,0.535,133,330
2024-03-13,Paid Search,92,84,52,3,0.494,131,305
2024-03-14,Paid Search,100,80,62,6,0.488,146,330
2024-03-15,Paid Search,96,81,68,6,0.518,141,281
2024-03-16,Paid Search,71,57,49,4,0.474,136,129
2024-03-17,Paid Search,76,64,51,4,0.486,153,247
2024-03-18,Paid Search,108,92,72,7,0.501,102,345
2024-03-19,Paid Search,106,87,67,5,0.495,161,222
2024-03-20,Paid Search,93,83,52,6,0.493,133,222
2024-03-21,Paid Search,96,84,63,4,0.464,166,310
2024-03-22,Paid Search,106,97,69,5,0.521,126,249
2024-03-23,Paid Search,72,56,41,4,0.498,152,232
2024-03-24,Paid Search,75,65,50,2,0.452,144,162
2024-03-25,Paid Search,105,86,69,1,0.532,155,307
2024-03-26,Paid Search,97,87,64,3,0.481,145,248
2024-03-27,Paid Search,103,92,66,5,0.518,140,204
2024-03-28,Paid Search,96,75,64,4,0.503,150,312
2024-03-29,Paid Search,100,90,67,4,0.537,131,227
2024-03-30,Paid Search,78,62,52,6,0.483,143,172
2024-03-31,Paid Search,71,60,42,0,0.462,157,164
2024-04-01,Paid Search,105,82,73,6,0.523,159,294
2024-04-02,Paid Search,103,83,58,8,0.532,129,191
2024-04-03,Paid Search,106,97,73,5,0.488,142,340
2024-04-04,Paid Search,105,83,59,5,0.518,154,337
2024-04-05,Paid Search,111,95,70,8,0.456,128,281
2024-04-06,Paid Search,78,67,54,5,0.573,119,224
2024-04-07,Paid Search,76,66,44,4,0.481,142,186
2024-04-08,Paid Search,105,91,74,5,0.554,154,279
2024-04-09,Paid Search,107,84,63,6,0.497,97,200
2024-04-10,Paid Search,105,85,75,3,0.503,100,224
2024-04-11,Paid Search,105,86,61,6,0.504,142,190
2024-04-12,Paid Search,101,79,57,3,0.543,130,280
2024-04-13,Paid Search,76,62,53,4,0.487,138,216
2024-04-14,Paid Search,73,60,46,1,0.509,163,218
2024-04-15,Paid Search,114,91,68,12,0.469,104,284
2024-04-16,Paid Search,99,87,64,8,0.538,131,338
2024-04-17,Paid Search,102,79,67,7,0.514,129,302
2024-04-18,Paid Search,102,85,64,2,0.483,135,256
2024-04-19,Paid Search,111,87,62,7,0.525,138,325
2024-04-20,Paid Search,78,64,50,4,0.516,157,256
2024-04-21,Paid Search,84,66,59,5,0.512,127,171
2024-04-22,Paid Search,103,86,61,1,0.59,132,193
2024-04-23,Paid Search,108,92,65,3,0.536,167,349
2024-04-24,Paid Search,102,85,67,6,0.482,120,320
2024-04-25,Paid Search,118,105,81,5,0.455,128,329
2024-04-26,Paid Search,100,86,66,4,0.48,171,208
2024-04-27,Paid Search,81,64,56,3,0.481,133,149
2024-04-28,Paid Search,83,72,50,5,0.505,127,193
2024-04-29,Paid Search,109,94,66,6,0.567,132,222
2024-04-30,Paid Search,106,83,67,5,0.507,150,197
2024-05-01,Paid Search,107,89,61,1,0.456,134,356
2024-05-02,Paid Search,108,98,65,3,0.517,160,346
2024-05-03,Paid Search,107,87,76,10,0.464,112,254
2024-05-04,Paid Search,85,68,54,4,0.557,147,273
2024-05-05,Paid Search,90,74,53,4,0.472,124,309
2024-05-06,Paid Search,105,87,68,5,0.505,119,300
2024-05-07,Paid Search,101,84,72,5,0.519,159,279
2024-05-08,Paid Search,108,87,66,6,0.509,130,294
2024-05-09,Paid Search,123,112,86,4,0.518,177,403
2024-05-10,Paid Search,104,92,59,3,0.49,159,342
2024-05-11,Paid Search,88,70,55,8,0.51,149,287
2024-05-12,Paid Search,89,74,53,5,0.529,127,218
2024-05-13,Paid Search,106,89,68,5,0.546,135,328
2024-05-14,Paid Search,113,103,66,6,0.545,137,374
2024-05-15,Paid Search,119,107,74,2,0.58,145,401
2024-05-16,Paid Search,108,91,72,1,0.539,164,219
2024-05-17,Paid Search,109,90,74,4,0.483,128,373
2024-05-18,Paid Search,80,73,53,0,0.494,159,145
2024-05-19,Paid Search,78,69,52,5,0.523,130,242
2024-05-20,Paid Search,107,94,74,6,0.487,146,281
2024-05-21,Paid Search,104,87,64,2,0.504,131,206
2024-05-22,Paid Search,111,101,62,7,0.511,154,256
2024-05-23,Paid Search,107,90,73,2,0.505,143,205
2024-05-24,Paid Search,112,91,66,5,0.536,129,378
2024-05-25,Paid Search,77,69,46,3,0.464,139,222
2024-05-26,Paid Search,85,73,51,8,0.484,148,281
2024-05-27,Paid Search,116,97,75,5,0.491,145,343
2024-05-28,Paid Search,100,87,68,3,0.517,169,268
2024-05-29,Paid Search,114,101,67,3,0.455,141,231
2024-05-30,Paid Search,119,93,80,6,0.491,142,270
2024-05-31,Paid Search,105,82,72,6,0.484,164,207
2024-06-01,Paid Search,91,74,63,4,0.541,128,301
2024-06-02,Paid Search,86,78,52,4,0.508,181,211
2024-06-03,Paid Search,108,94,59,6,0.526,125,316
2024-06-04,Paid Search,112,99,79,10,0.478,163,221
2024-06-05,Paid Search,116,100,64,7,0.522,139,307
2024-06-06,Paid Search,113,95,66,5,0.468,113,213
2024-06-07,Paid Search,116,97,80,7,0.498,151,338
2024-06-08,Paid Search,81,73,47,4,0.539,174,186
2024-06-09,Paid Search,86,74,58,2,0.542,114,212
2024-06-10,Paid Search,105,84,73,6,0.484,113,199
2024-06-11,Paid Search,113,96,67,3,0.464,119,207
2024-06-12,Paid Search,109,91,69,3,0.533,93,306
2024-06-13,Paid Search,110,92,78,1,0.571,146,256
2024-06-14,Paid Search,121,107,77,8,0.503,145,272
2024-06-15,Paid Search,90,73,61,1,0.445,147,218
2024-06-16,Paid Search,88,72,58,0,0.53,155,226
2024-06-17,Paid Search,108,88,60,4,0.488,126,283
2024-06-18,Paid Search,113,95,63,7,0.526,143,217
2024-06-19,Paid Search,122,99,71,5,0.52,122,381
2024-06-20,Paid Search,116,92,79,6,0.471,173,341
2024-06-21,Paid Search,129,106,91,5,0.502,105,427
2024-06-22,Paid Search,88,69,50,5,0.477,138,301
2024-06-23,Paid Search,87,70,55,4,0.494,146,197
2024-06-24,Paid Search,114,96,73,7,0.493,140,237
2024-06-25,Paid Search,117,94,65,5,0.523,149,258
2024-06-26,Paid Search,115,92,81,10,0.511,148,257
2024-06-27,Paid Search,120,103,67,5,0.515,142,254
2024-06-28,Paid Search,122,110,86,8,0.511,153,422
2024-06-29,Paid Search,84,67,53,5,0.481,158,242
2024-06-30,Paid Search,81,65,52,5,0.51,173,147
2024-01-01,Social Media,56,45,32,1,0.618,95,128
2024-01-02,Social Media,61,55,39,1,0.667,101,119
2024-01-03,Social Media,62,53,40,1,0.706,118,175
2024-01-04,Social Media,58,47,37,0,0.664,103,162
2024-01-05,Social Media,58,50,35,1,0.671,92,129
2024-01-06,Social Media,45,41,27,1,0.658,106,132
2024-01-07,Social Media,44,34,24,3,0.644,95,135
2024-01-08,Social Media,60,50,35,3,0.72,88,108
2024-01-09,Social Media,67,58,44,1,0.694,78,131
2024-01-10,Social Media,60,54,40,0,0.649,80,133
2024-01-11,Social Media,59,49,39,0,0.718,117,114
2024-01-12,Social Media,59,52,40,3,0.628,102,168
2024-01-13,Social Media,47,41,30,1,0.664,85,158
2024-01-14,Social Media,45,38,26,1,0.694,92,131
2024-01-15,Social Media,59,49,38,2,0.695,77,149
2024-01-16,Social Media,65,56,46,1,0.656,62,119
2024-01-17,Social Media,65,55,36,0,0.694,97,128
2024-01-18,Social Media,59,49,39,2,0.649,88,122
2024-01-19,Social Media,56,45,37,0,0.674,101,166
2024-01-20,Social Media,48,39,28,0,0.673,64,130
2024-01-21,Social Media,44,36,30,0,0.65,118,147
2024-01-22,Social Media,64,52,39,3,0.691,98,210
2024-01-23,Social Media,56,46,36,0,0.628,98,182
2024-01-24,Social Media,65,58,45,2,0.658,129,184
2024-01-25,Social Media,58,50,33,0,0.639,112,115
2024-01-26,Social Media,64,49,43,0,0.673,132,132
2024-01-27,Social Media,46,36,26,0,0.662,106,110
2024-01-28,Social Media,44,35,28,0,0.627,109,83
2024-01-29,Social Media,61,49,35,1,0.673,106,167
2024-01-30,Social Media,65,54,41,1,0.703,119,135
2024-01-31,Social Media,63,52,43,1,0.686,142,125
2024-02-01,Social Media,64,50,38,1,0.683,81,137
2024-02-02,Social Media,69,62,40,1,0.589,103,126
2024-02-03,Social Media,43,33,27,1,0.731,117,127
2024-02-04,Social Media,51,39,34,0,0.707,100,163
2024-02-05,Social Media,63,53,38,2,0.663,126,133
2024-02-06,Social Media,60,54,37,2,0.664,84,189
2024-02-07,Social Media,59,47,33,2,0.662,116,160
2024-02-08,Social Media,63,49,41,3,0.664,84,199
2024-02-09,Social Media,66,60,42,1,0.638,84,158
2024-02-10,Social Media,47,37,28,0,0.723,92,137
2024-02-11,Social Media,51,39,29,1,0.664,140,92
2024-02-12,Social Media,59,52,37,2,0.712,106,181
2024-02-13,Social Media,64,54,36,2,0.702,128,195
2024-02-14,Social Media,60,48,42,0,0.681,102,185
2024-02-15,Social Media,65,56,45,1,0.726,120,134
2024-02-16,Social Media,67,58,39,1,0.651,77,148
2024-02-17,Social Media,47,39,33,0,0.629,98,90
2024-02-18,Social Media,42,35,28,1,0.703,109,95
2024-02-19,Social Media,65,53,46,2,0.627,120,146
2024-02-20,Social Media,66,57,38,0,0.624,110,193
2024-02-21,Social Media,66,58,44,2,0.642,126,167
2024-02-22,Social Media,69,56,38,0,0.66,107,189
2024-02-23,Social Media,61,53,36,0,0.69,92,213
2024-02-24,Social Media,50,44,29,2,0.649,100,98
2024-02-25,Social Media,52,42,35,5,0.681,104,181
2024-02-26,Social Media,59,46,36,0,0.706,86,162
2024-02-27,Social Media,66,57,38,1,0.71,110,123
2024-02-28,Social Media,64,55,41,2,0.699,104,179
2024-02-29,Social Media,65,59,44,1,0.723,88,160
2024-03-01,Social Media,67,57,47,0,0.664,109,180
2024-03-02,Social Media,48,44,34,0,0.704,108,144
2024-03-03,Social Media,47,37,29,1,0.706,121,114
2024-03-04,Social Media,66,53,41,3,0.703,119,191
2024-03-05,Social Media,62,49,40,0,0.634,105,185
2024-03-06,Social Media,62,54,42,1,0.686,124,185
2024-03-07,Social Media,68,60,48,2,0.641,159,168
2024-03-08,Social Media,62,53,37,0,0.675,113,174
2024-03-09,Social Media,51,40,28,0,0.646,95,144
2024-03-10,Social Media,51,46,33,2,0.683,91,168
2024-03-11,Social Media,61,53,36,0,0.679,99,158
2024-03-12,Social Media,64,50,38,2,0.68,104,217
2024-03-13,Social Media,71,59,39,0,0.65,83,184
2024-03-14,Social Media,63,50,36,0,0.619,88,198
2024-03-15,Social Media,65,53,38,1,0.659,86,156
2024-03-16,Social Media,51,40,29,1,0.659,104,121
2024-03-17,Social Media,52,41,29,2,0.612,94,143
2024-03-18,Social Media,66,52,42,2,0.635,98,188
2024-03-19,Social Media,65,55,36,0,0.613,90,207
2024-03-20,Social Media,72,60,45,0,0.686,130,211
2024-03-21,Social Media,73,65,44,2,0.707,100,254
2024-03-22,Social Media,71,59,41,3,0.721,96,187
2024-03-23,Social Media,51,45,31,1,0.662,119,120
2024-03-24,Social Media,49,43,27,1,0.678,72,136
2024-03-25,Social Media,65,56,38,1,0.607,115,190
2024-03-26,Social Media,70,60,40,0,0.643,83,147
2024-03-27,Social Media,69,56,48,2,0.672,106,140
2024-03-28,Social Media,73,65,44,1,0.673,81,236
2024-03-29,Social Media,70,56,46,2,0.65,84,230
2024-03-30,Social Media,47,38,25,0,0.679,105,134
2024-03-31,Social Media,54,43,33,2,0.649,92,141
2024-04-01,Social Media,65,51,38,3,0.65,83,217
2024-04-02,Social Media,67,56,45,1,0.669,73,169
2024-04-03,Social Media,70,64,47,1,0.705,90,146
2024-04-04,Social Media,76,61,46,0,0.742,102,254
2024-04-05,Social Media,80,68,44,1,0.672,87,203
2024-04-06,Social Media,53,42,29,2,0.623,91,99
2024-04-07,Social Media,51,40,33,1,0.646,87,124
2024-04-08,Social Media,71,59,48,2,0.68,89,156
2024-04-09,Social Media,72,61,50,2,0.651,94,131
2024-04-10,Social Media,68,58,46,2,0.649,73,125
2024-04-11,Social Media,76,66,53,4,0.691,68,224
2024-04-12,Social Media,70,62,49,1,0.68,108,159
2024-04-13,Social Media,53,48,29,0,0.7,118,151
2024-04-14,Social Media,54,44,32,4,0.667,82,121
2024-04-15,Social Media,71,63,50,1,0.656,74,239
2024-04-16,Social Media,73,57,42,0,0.637,103,251
2024-04-17,Social Media,68,57,40,1,0.732,90,209
2024-04-18,Social Media,68,58,47,2,0.687,111,128
2024-04-19,Social Media,66,53,43,0,0.619,66,218
2024-04-20,Social Media,54,48,32,2,0.637,116,114
2024-04-21,Social Media,55,45,34,0,0.677,132,125
2024-04-22,Social Media,72,59,46,1,0.634,93,143
2024-04-23,Social Media,77,69,46,1,0.696,123,260
2024-04-24,Social Media,71,61,46,2,0.663,115,167
2024-04-25,Social Media,73,65,50,0,0.675,79,188
2024-04-26,Social Media,67,61,39,0,0.674,84,204
2024-04-27,Social Media,52,45,33,0,0.618,109,176
2024-04-28,Social Media,55,50,32,2,0.668,107,131
2024-04-29,Social Media,74,58,49,0,0.624,93,210
2024-04-30,Social Media,70,60,42,0,0.683,106,182
2024-05-01,Social Media,71,58,48,1,0.638,85,138
2024-05-02,Social Media,66,55,45,1,0.653,71,209
2024-05-03,Social Media,70,58,43,2,0.682,94,140
2024-05-04,Social Media,56,49,35,3,0.669,87,139
2024-05-05,Social Media,55,47,39,0,0.722,107,105
2024-05-06,Social Media,74,58,48,1,0.675,107,142
2024-05-07,Social Media,72,61,44,1,0.682,106,204
2024-05-08,Social Media,72,58,40,1,0.638,62,212
2024-05-09,Social Media,70,55,43,2,0.659,91,224
2024-05-10,Social Media,75,62,43,0,0.675,118,164
2024-05-11,Social Media,55,48,39,1,0.681,92,186
2024-05-12,Social Media,56,48,36,2,0.714,86,151
2024-05-13,Social Media,71,59,47,2,0.661,103,228
2024-05-14,Social Media,65,58,40,1,0.692,93,144
2024-05-15,Social Media,77,65,49,3,0.69,62,181
2024-05-16,Social Media,71,58,39,0,0.715,84,169
2024-05-17,Social Media,70,62,49,2,0.71,88,157
2024-05-18,Social Media,57,44,37,4,0.708,119,114
2024-05-19,Social Media,54,43,35,3,0.649,77,147
2024-05-20,Social Media,77,61,44,1,0.715,88,256
2024-05-21,Social Media,76,63,43,0,0.636,104,167
2024-05-22,Social Media,76,68,54,0,0.659,87,248
2024-05-23,Social Media,69,57,38,3,0.673,87,170
2024-05-24,Social Media,78,67,43,0,0.65,118,145
2024-05-25,Social Media,56,46,40,1,0.618,104,168
2024-05-26,Social Media,54,48,33,0,0.651,99,136
2024-05-27,Social Media,75,66,44,2,0.689,87,253
2024-05-28,Social Media,68,57,41,0,0.69,82,128
2024-05-29,Social Media,76,63,46,1,0.69,50,157
2024-05-30,Social Media,71,63,48,1,0.665,94,160
2024-05-31,Social Media,69,57,45,1,0.717,80,146
2024-06-01,Social Media,52,42,36,1,0.661,110,113
2024-06-02,Social Media,59,48,39,1,0.685,117,188
2024-06-03,Social Media,72,57,48,1,0.712,75,162
2024-06-04,Social Media,81,74,46,0,0.688,120,225
2024-06-05,Social Media,73,59,45,3,0.631,133,184
2024-06-06,Social Media,69,59,47,1,0.698,108,189
2024-06-07,Social Media,71,55,48,2,0.69,83,158
2024-06-08,Social Media,60,47,34,2,0.656,115,177
2024-06-09,Social Media,56,48,37,1,0.618,134,127
2024-06-10,Social Media,73,59,48,2,0.689,71,224
2024-06-11,Social Media,76,59,43,0,0.702,104,142
2024-06-12,Social Media,78,64,49,2,0.664,108,202
2024-06-13,Social Media,80,63,47,0,0.672,92,201
2024-06-14,Social Media,81,65,48,1,0.677,99,152
2024-06-15,Social Media,56,48,36,2,0.647,98,109
2024-06-16,Social Media,53,43,37,1,0.638,92,159
2024-06-17,Social Media,75,64,50,1,0.673,101,221
2024-06-18,Social Media,77,70,46,2,0.69,75,221
2024-06-19,Social Media,73,57,49,1,0.705,73,200
2024-06-20,Social Media,73,58,41,1,0.647,103,181
2024-06-21,Social Media,78,69,44,2,0.631,82,142
2024-06-22,Social Media,57,51,40,1,0.688,153,110
2024-06-23,Social Media,58,48,37,1,0.628,86,113
2024-06-24,Social Media,74,58,42,1,0.669,103,200
2024-06-25,Social Media,76,69,49,3,0.653,118,176
2024-06-26,Social Media,74,64,49,1,0.646,90,212
2024-06-27,Social Media,81,69,54,0,0.701,114,265
2024-06-28,Social Media,81,71,53,1,0.656,63,230
2024-06-29,Social Media,53,42,30,2,0.747,85,144
2024-06-30,Social Media,55,43,31,0,0.705,143,120
2024-01-01,Direct,73,66,42,2,0.362,231,222
2024-01-02,Direct,71,61,49,2,0.39,215,134
2024-01-03,Direct,70,55,43,4,0.314,232,187
2024-01-04,Direct,68,54,45,8,0.35,204,140
2024-01-05,Direct,66,59,46,6,0.421,186,173
2024-01-06,Direct,55,45,35,2,0.345,215,143
2024-01-07,Direct,55,47,32,2,0.416,197,151
2024-01-08,Direct,65,57,42,2,0.4,226,184
2024-01-09,Direct,76,60,45,3,0.434,180,203
2024-01-10,Direct,73,57,46,2,0.41,191,134
2024-01-11,Direct,76,69,44,3,0.353,208,217
2024-01-12,Direct,66,55,42,3,0.379,210,121
2024-01-13,Direct,49,42,34,4,0.418,217,123
2024-01-14,Direct,53,48,34,3,0.363,194,113
2024-01-15,Direct,73,60,47,2,0.333,247,207
2024-01-16,Direct,78,61,45,1,0.335,211,177
2024-01-17,Direct,74,66,40,2,0.42,233,233
2024-01-18,Direct,71,55,40,6,0.377,229,195
2024-01-19,Direct,68,59,48,3,0.399,202,128
2024-01-20,Direct,57,51,33,1,0.366,202,185
2024-01-21,Direct,51,44,30,2,0.404,225,118
2024-01-22,Direct,78,63,55,3,0.397,213,180
2024-01-23,Direct,71,62,47,4,0.377,218,143
2024-01-24,Direct,78,68,50,4,0.381,180,181
2024-01-25,Direct,75,65,50,3,0.365,181,169
2024-01-26,Direct,72,64,50,1,0.42,196,239
2024-01-27,Direct,53,42,37,4,0.335,186,101
2024-01-28,Direct,53,42,31,2,0.41,198,174
2024-01-29,Direct,74,66,51,2,0.363,218,220
2024-01-30,Direct,73,63,44,6,0.447,210,194
2024-01-31,Direct,71,58,48,1,0.376,216,207
2024-02-01,Direct,72,64,51,4,0.405,201,145
2024-02-02,Direct,74,65,49,4,0.397,202,154
2024-02-03,Direct,49,43,30,0,0.369,230,102
2024-02-04,Direct,56,47,32,4,0.383,246,158
2024-02-05,Direct,70,62,48,3,0.362,216,225
2024-02-06,Direct,69,60,42,3,0.391,222,137
2024-02-07,Direct,68,61,37,2,0.382,213,195
2024-02-08,Direct,67,54,47,2,0.41,195,165
2024-02-09,Direct,69,53,44,1,0.378,214,166
2024-02-10,Direct,53,45,33,1,0.38,230,141
2024-02-11,Direct,61,55,36,1,0.386,198,171
2024-02-12,Direct,72,60,49,2,0.395,200,209
2024-02-13,Direct,75,63,44,3,0.383,243,175
2024-02-14,Direct,76,69,47,3,0.373,222,143
2024-02-15,Direct,75,62,44,2,0.394,223,156
2024-02-16,Direct,75,59,50,1,0.376,224,150
2024-02-17,Direct,53,43,32,2,0.424,226,105
2024-02-18,Direct,60,55,35,0,0.377,200,189
2024-02-19,Direct,82,69,54,2,0.414,210,268
2024-02-20,Direct,69,61,43,0,0.38,215,239
2024-02-21,Direct,72,58,46,4,0.389,198,171
2024-02-22,Direct,74,61,43,0,0.364,230,237
2024-02-23,Direct,72,59,42,0,0.387,183,165
2024-02-24,Direct,58,48,40,2,0.38,228,136
2024-02-25,Direct,55,50,30,1,0.348,188,128
2024-02-26,Direct,84,74,47,2,0.353,216,161
2024-02-27,Direct,81,65,55,6,0.356,211,277
2024-02-28,Direct,77,69,44,2,0.427,211,260
2024-02-29,Direct,80,71,56,6,0.361,192,183
2024-03-01,Direct,81,67,52,3,0.395,192,168
2024-03-02,Direct,56,47,38,1,0.404,236,115
2024-03-03,Direct,55,43,33,2,0.365,208,124
2024-03-04,Direct,77,70,46,6,0.397,207,157
2024-03-05,Direct,80,63,57,4,0.419,198,190
2024-03-06,Direct,78,62,44,4,0.388,227,247
2024-03-07,Direct,71,58,42,1,0.338,236,145
2024-03-08,Direct,74,66,45,3,0.372,203,163
2024-03-09,Direct,58,50,37,1,0.35,238,185
2024-03-10,Direct,58,49,39,1,0.37,226,171
2024-03-11,Direct,85,74,51,0,0.384,198,187
2024-03-12,Direct,72,56,41,2,0.364,204,241
2024-03-13,Direct,80,67,45,0,0.394,205,165
2024-03-14,Direct,84,67,56,7,0.41,212,230
2024-03-15,Direct,87,70,50,4,0.373,221,211
2024-03-16,Direct,57,47,40,3,0.399,240,187
2024-03-17,Direct,60,48,37,0,0.402,193,201
2024-03-18,Direct,81,67,57,3,0.363,152,194
2024-03-19,Direct,79,67,53,6,0.364,231,200
2024-03-20,Direct,78,64,53,5,0.385,221,238
2024-03-21,Direct,81,72,49,5,0.376,198,238
2024-03-22,Direct,69,61,42,2,0.346,219,212
2024-03-23,Direct,61,49,36,3,0.377,243,132
2024-03-24,Direct,60,52,42,6,0.353,158,199
2024-03-25,Direct,78,68,46,3,0.349,207,167
2024-03-26,Direct,88,69,63,0,0.403,186,283
2024-03-27,Direct,77,61,51,3,0.426,223,239
2024-03-28,Direct,78,67,47,7,0.363,213,259
2024-03-29,Direct,88,72,60,1,0.331,240,229
2024-03-30,Direct,57,47,39,4,0.383,207,184
2024-03-31,Direct,58,48,33,1,0.389,246,167
2024-04-01,Direct,79,63,44,2,0.399,172,257
2024-04-02,Direct,84,70,59,4,0.39,213,226
2024-04-03,Direct,81,63,54,2,0.369,195,219
2024-04-04,Direct,75,64,43,3,0.424,180,258
2024-04-05,Direct,78,70,53,4,0.342,217,228
2024-04-06,Direct,59,50,37,3,0.318,217,158
2024-04-07,Direct,60,53,34,1,0.376,193,175
2024-04-08,Direct,83,67,53,3,0.397,206,279
2024-04-09,Direct,83,68,56,3,0.379,199,196
2024-04-10,Direct,74,57,47,6,0.377,244,143
2024-04-11,Direct,86,73,56,7,0.377,178,217
2024-04-12,Direct,82,65,56,1,0.359,197,217
2024-04-13,Direct,65,51,42,4,0.415,205,145
2024-04-14,Direct,62,48,38,2,0.431,246,146
2024-04-15,Direct,86,68,52,3,0.387,203,296
2024-04-16,Direct,84,75,54,7,0.348,229,241
2024-04-17,Direct,87,73,59,3,0.351,186,293
2024-04-18,Direct,84,71,59,1,0.408,254,186
2024-04-19,Direct,82,73,52,3,0.352,210,149
2024-04-20,Direct,69,57,45,6,0.387,199,233
2024-04-21,Direct,64,51,41,3,0.365,238,210
2024-04-22,Direct,85,77,55,4,0.368,194,182
2024-04-23,Direct,77,68,51,6,0.353,198,237
2024-04-24,Direct,77,62,50,3,0.377,205,199
2024-04-25,Direct,84,77,49,2,0.371,202,261
2024-04-26,Direct,84,72,46,3,0.378,199,267
2024-04-27,Direct,60,47,38,4,0.374,225,192
2024-04-28,Direct,63,57,42,1,0.385,218,152
2024-04-29,Direct,90,73,54,7,0.411,225,304
2024-04-30,Direct,86,76,58,2,0.375,197,196
2024-05-01,Direct,79,72,52,2,0.416,200,200
2024-05-02,Direct,83,66,59,5,0.36,188,256
2024-05-03,Direct,80,69,50,3,0.355,224,151
2024-05-04,Direct,62,52,35,2,0.345,176,117
2024-05-05,Direct,62,56,35,3,0.431,230,155
2024-05-06,Direct,82,68,52,4,0.372,211,198
2024-05-07,Direct,79,66,50,7,0.388,219,220
2024-05-08,Direct,84,75,52,5,0.309,199,289
2024-05-09,Direct,82,64,57,4,0.357,209,224
2024-05-10,Direct,72,65,42,2,0.387,235,136
2024-05-11,Direct,70,59,41,6,0.414,208,162
2024-05-12,Direct,67,53,40,1,0.375,240,146
2024-05-13,Direct,83,68,58,2,0.34,208,275
2024-05-14,Direct,85,74,60,3,0.351,229,179
2024-05-15,Direct,80,62,54,1,0.377,187,226
2024-05-16,Direct,93,72,63,3,0.375,228,252
2024-05-17,Direct,94,78,65,4,0.371,224,267
2024-05-18,Direct,65,59,41,5,0.328,202,222
2024-05-19,Direct,67,57,40,1,0.36,178,234
2024-05-20,Direct,86,74,48,1,0.374,186,229
2024-05-21,Direct,80,65,45,2,0.375,218,221
2024-05-22,Direct,84,65,57,6,0.37,210,187
2024-05-23,Direct,87,76,58,3,0.44,255,216
2024-05-24,Direct,84,77,58,2,0.455,209,183
2024-05-25,Direct,64,56,40,3,0.419,197,133
2024-05-26,Direct,64,53,39,2,0.377,240,201
2024-05-27,Direct,86,71,59,4,0.357,195,228
2024-05-28,Direct,87,67,57,2,0.293,221,299
2024-05-29,Direct,82,73,47,4,0.412,213,228
2024-05-30,Direct,84,69,47,4,0.312,191,275
2024-05-31,Direct,81,74,57,2,0.357,185,269
2024-06-01,Direct,68,57,41,6,0.439,215,154
2024-06-02,Direct,58,45,32,3,0.333,185,135
2024-06-03,Direct,92,75,53,4,0.34,167,255
2024-06-04,Direct,94,76,62,8,0.403,240,183
2024-06-05,Direct,86,67,56,4,0.355,223,277
2024-06-06,Direct,76,68,47,0,0.367,203,259
2024-06-07,Direct,86,69,52,1,0.404,253,173
2024-06-08,Direct,66,53,38,2,0.429,195,143
2024-06-09,Direct,63,52,45,2,0.346,192,167
2024-06-10,Direct,86,77,59,5,0.422,189,200
2024-06-11,Direct,95,83,52,1,0.328,191,282
2024-06-12,Direct,91,74,62,5,0.366,174,276
2024-06-13,Direct,84,77,49,4,0.413,242,281
2024-06-14,Direct,82,72,53,2,0.374,174,194
2024-06-15,Direct,65,58,42,3,0.39,255,122
2024-06-16,Direct,66,56,39,1,0.381,183,155
2024-06-17,Direct,91,76,52,2,0.362,216,283
2024-06-18,Direct,87,77,49,5,0.411,218,241
2024-06-19,Direct,92,77,58,4,0.383,203,178
2024-06-20,Direct,98,80,62,4,0.392,194,308
2024-06-21,Direct,93,73,53,2,0.382,231,241
2024-06-22,Direct,67,58,46,1,0.393,232,129
2024-06-23,Direct,67,52,39,1,0.368,197,164
2024-06-24,Direct,88,76,60,7,0.361,216,268
2024-06-25,Direct,95,82,57,3,0.39,206,174
2024-06-26,Direct,87,76,60,4,0.42,236,175
2024-06-27,Direct,90,82,63,4,0.364,208,217
2024-06-28,Direct,91,79,57,5,0.377,197,236
2024-06-29,Direct,66,57,39,5,0.358,210,227
2024-06-30,Direct,63,53,38,2,0.414,235,190
2024-01-01,Referral,28,21,19,0,0.458,141,85
2024-01-02,Referral,28,23,16,0,0.472,175,86
2024-01-03,Referral,30,23,16,0,0.445,200,80
2024-01-04,Referral,28,23,18,0,0.53,146,61
2024-01-05,Referral,30,25,17,2,0.499,128,96
2024-01-06,Referral,22,17,15,0,0.462,193,57
2024-01-07,Referral,20,17,12,0,0.48,158,52
2024-01-08,Referral,26,23,17,1,0.532,147,72
2024-01-09,Referral,30,24,18,1,0.488,151,71
2024-01-10,Referral,29,24,19,2,0.448,157,70
2024-01-11,Referral,29,25,18,0,0.459,168,60
2024-01-12,Referral,31,28,20,0,0.497,102,60
2024-01-13,Referral,24,20,14,3,0.452,159,82
2024-01-14,Referral,22,19,13,0,0.508,169,64
2024-01-15,Referral,30,27,16,1,0.445,139,104
2024-01-16,Referral,31,27,20,0,0.46,140,70
2024-01-17,Referral,28,22,15,0,0.442,130,50
2024-01-18,Referral,31,27,17,1,0.493,144,88
2024-01-19,Referral,31,26,18,0,0.519,142,98
2024-01-20,Referral,23,20,14,0,0.477,186,76
2024-01-21,Referral,20,15,14,2,0.495,165,42
2024-01-22,Referral,29,26,17,1,0.484,131,80
2024-01-23,Referral,29,22,20,1,0.481,149,98
2024-01-24,Referral,31,27,17,1,0.419,197,82
2024-01-25,Referral,31,27,19,0,0.477,186,63
2024-01-26,Referral,33,26,23,1,0.447,162,113
2024-01-27,Referral,22,17,14,0,0.503,142,70
2024-01-28,Referral,22,18,13,2,0.463,162,60
2024-01-29,Referral,33,26,20,1,0.498,147,66
2024-01-30,Referral,31,24,20,1,0.516,143,68
2024-01-31,Referral,33,26,22,1,0.488,175,66
2024-02-01,Referral,31,24,20,0,0.468,160,82
2024-02-02,Referral,29,26,18,1,0.482,167,71
2024-02-03,Referral,22,18,13,1,0.516,154,70
2024-02-04,Referral,21,17,13,0,0.435,163,66
2024-02-05,Referral,32,26,18,1,0.453,144,82
2024-02-06,Referral,33,25,19,0,0.544,191,79
2024-02-07,Referral,34,31,20,1,0.454,138,87
2024-02-08,Referral,33,26,22,1,0.478,148,102
2024-02-09,Referral,33,28,19,0,0.469,163,108
2024-02-10,Referral,23,20,13,0,0.479,128,44
2024-02-11,Referral,22,20,15,0,0.5,151,59
2024-02-12,Referral,33,28,21,0,0.469,157,65
2024-02-13,Referral,32,29,21,0,0.482,184,73
2024-02-14,Referral,32,26,19,0,0.487,187,61
2024-02-15,Referral,32,25,19,0,0.486,166,101
2024-02-16,Referral,32,26,18,1,0.489,162,66
2024-02-17,Referral,25,21,16,1,0.483,167,67
2024-02-18,Referral,25,19,14,0,0.46,163,80
2024-02-19,Referral,33,27,19,0,0.439,140,86
2024-02-20,Referral,33,30,18,1,0.464,158,106
2024-02-21,Referral,33,28,21,1,0.466,145,77
2024-02-22,Referral,31,25,17,1,0.498,167,71
2024-02-23,Referral,33,26,22,0,0.516,167,111
2024-02-24,Referral,22,17,13,1,0.467,164,42
2024-02-25,Referral,25,20,17,1,0.459,160,85
2024-02-26,Referral,30,24,18,0,0.48,141,60
2024-02-27,Referral,33,27,22,0,0.467,162,79
2024-02-28,Referral,31,24,21,0,0.453,167,75
2024-02-29,Referral,33,28,18,0,0.52,117,110
2024-03-01,Referral,32,25,19,1,0.493,175,92
2024-03-02,Referral,22,19,15,1,0.483,137,67
2024-03-03,Referral,25,21,14,1,0.5,172,48
2024-03-04,Referral,32,25,19,1,0.478,150,87
2024-03-05,Referral,34,29,23,1,0.469,149,110
2024-03-06,Referral,33,30,22,0,0.492,155,64
2024-03-07,Referral,33,28,20,0,0.546,178,96
2024-03-08,Referral,31,25,21,0,0.495,145,85
2024-03-09,Referral,24,21,14,1,0.512,158,60
2024-03-10,Referral,24,20,13,2,0.496,152,56
2024-03-11,Referral,34,30,20,2,0.487,146,79
2024-03-12,Referral,36,30,22,2,0.463,181,91
2024-03-13,Referral,32,26,20,0,0.465,177,86
2024-03-14,Referral,35,28,20,1,0.484,160,97
2024-03-15,Referral,30,23,19,1,0.57,167,72
2024-03-16,Referral,23,18,16,0,0.454,106,43
2024-03-17,Referral,24,21,15,0,0.431,156,73
2024-03-18,Referral,31,25,19,0,0.451,138,89
2024-03-19,Referral,31,27,19,1,0.475,148,107
2024-03-20,Referral,34,29,18,1,0.463,155,94
2024-03-21,Referral,33,30,21,2,0.5,153,97
2024-03-22,Referral,34,28,20,0,0.406,121,94
2024-03-23,Referral,26,20,16,0,0.495,174,61
2024-03-24,Referral,25,22,14,2,0.487,173,67
2024-03-25,Referral,35,28,21,0,0.507,196,107
2024-03-26,Referral,34,29,19,0,0.525,144,101
2024-03-27,Referral,32,26,20,4,0.46,116,104
2024-03-28,Referral,36,32,21,1,0.47,169,84
2024-03-29,Referral,33,30,18,1,0.508,147,81
2024-03-30,Referral,24,20,14,0,0.484,159,63
2024-03-31,Referral,25,21,13,3,0.467,122,51
2024-04-01,Referral,32,28,19,3,0.528,168,108
2024-04-02,Referral,33,28,22,2,0.532,196,65
2024-04-03,Referral,35,29,20,0,0.483,146,95
2024-04-04,Referral,35,29,19,3,0.516,158,122
2024-04-05,Referral,33,27,23,1,0.494,130,82
2024-04-06,Referral,25,20,14,0,0.489,157,56
2024-04-07,Referral,27,21,17,1,0.501,178,86
2024-04-08,Referral,35,32,23,1,0.481,171,69
2024-04-09,Referral,38,30,24,1,0.55,148,69
2024-04-10,Referral,37,31,26,0,0.443,117,111
2024-04-11,Referral,37,30,22,1,0.47,136,68
2024-04-12,Referral,32,28,18,0,0.478,138,58
2024-04-13,Referral,27,24,18,0,0.47,157,84
2024-04-14,Referral,26,23,16,2,0.497,145,78
2024-04-15,Referral,34,27,20,3,0.499,142,72
2024-04-16,Referral,35,32,19,0,0.467,176,113
2024-04-17,Referral,36,32,25,1,0.504,131,119
2024-04-18,Referral,36,31,20,1,0.479,119,70
2024-04-19,Referral,33,28,18,1,0.422,141,88
2024-04-20,Referral,27,21,18,1,0.454,183,51
2024-04-21,Referral,25,22,14,1,0.45,143,69
2024-04-22,Referral,35,29,23,0,0.418,176,88
2024-04-23,Referral,35,27,19,1,0.494,159,79
2024-04-24,Referral,35,30,24,0,0.488,142,87
2024-04-25,Referral,37,29,21,1,0.473,183,85
2024-04-26,Referral,33,29,22,0,0.462,148,73
2024-04-27,Referral,29,24,18,2,0.429,179,91
2024-04-28,Referral,24,19,13,1,0.502,156,55
2024-04-29,Referral,34,30,20,2,0.455,167,82
2024-04-30,Referral,36,31,20,1,0.468,104,97
2024-05-01,Referral,37,29,25,2,0.496,191,110
2024-05-02,Referral,35,27,23,1,0.546,162,83
2024-05-03,Referral,36,31,20,2,0.527,148,113
2024-05-04,Referral,27,24,16,1,0.506,151,89
2024-05-05,Referral,26,23,14,1,0.468,171,54
2024-05-06,Referral,38,31,22,0,0.456,146,87
2024-05-07,Referral,37,31,22,1,0.494,160,114
2024-05-08,Referral,37,32,21,0,0.469,137,117
2024-05-09,Referral,34,26,19,0,0.491,174,75
2024-05-10,Referral,36,30,23,1,0.495,147,83
2024-05-11,Referral,26,20,15,1,0.498,113,50
2024-05-12,Referral,26,21,17,1,0.488,182,79
2024-05-13,Referral,37,30,25,1,0.498,120,113
2024-05-14,Referral,35,28,21,0,0.54,166,116
2024-05-15,Referral,37,30,24,0,0.489,160,92
2024-05-16,Referral,34,28,20,0,0.509,140,65
2024-05-17,Referral,39,32,25,2,0.472,141,76
2024-05-18,Referral,26,23,16,2,0.45,145,71
2024-05-19,Referral,27,21,15,2,0.485,135,88
2024-05-20,Referral,38,34,25,1,0.432,141,104
2024-05-21,Referral,35,27,19,0,0.517,151,97
2024-05-22,Referral,38,31,22,5,0.471,148,86
2024-05-23,Referral,34,30,24,2,0.493,148,80
2024-05-24,Referral,39,35,25,0,0.472,130,89
2024-05-25,Referral,27,22,19,1,0.475,145,70
2024-05-26,Referral,27,22,18,1,0.492,162,73
2024-05-27,Referral,36,29,22,2,0.47,115,82
2024-05-28,Referral,38,31,21,3,0.459,155,75
2024-05-29,Referral,36,30,22,0,0.499,171,90
2024-05-30,Referral,36,29,24,0,0.477,183,72
2024-05-31,Referral,37,33,25,0,0.475,192,99
2024-06-01,Referral,26,23,15,3,0.464,165,56
2024-06-02,Referral,30,25,21,1,0.481,137,100
2024-06-03,Referral,36,28,22,2,0.448,162,124
2024-06-04,Referral,39,31,22,3,0.469,129,99
2024-06-05,Referral,38,30,22,1,0.513,125,86
2024-06-06,Referral,35,30,19,2,0.482,138,81
2024-06-07,Referral,37,29,23,1,0.48,166,71
2024-06-08,Referral,29,24,20,1,0.44,149,61
2024-06-09,Referral,28,22,19,1,0.461,134,72
2024-06-10,Referral,40,36,23,3,0.451,147,106
2024-06-11,Referral,39,35,27,1,0.475,106,129
2024-06-12,Referral,39,30,23,2,0.436,146,83
2024-06-13,Referral,37,32,22,0,0.493,162,96
2024-06-14,Referral,36,33,21,1,0.459,135,75
2024-06-15,Referral,27,24,17,0,0.5,152,50
2024-06-16,Referral,29,24,18,0,0.477,145,84
2024-06-17,Referral,39,33,23,1,0.475,137,78
2024-06-18,Referral,34,28,20,3,0.48,186,79
2024-06-19,Referral,38,34,25,2,0.483,143,117
2024-06-20,Referral,38,30,26,0,0.401,129,68
2024-06-21,Referral,38,31,24,2,0.516,175,130
2024-06-22,Referral,30,25,21,1,0.439,174,60
2024-06-23,Referral,29,24,19,2,0.438,152,81
2024-06-24,Referral,41,34,26,0,0.527,146,131
2024-06-25,Referral,38,29,22,2,0.502,156,122
2024-06-26,Referral,40,32,24,2,0.443,152,74
2024-06-27,Referral,42,34,24,3,0.534,172,140
2024-06-28,Referral,41,35,22,1,0.493,146,127
2024-06-29,Referral,27,22,17,0,0.46,139,85
2024-06-30,Referral,28,22,17,0,0.469,165,54
2024-01-01,Email,26,20,17,1,0.346,172,82
2024-01-02,Email,24,21,14,2,0.341,182,65
2024-01-03,Email,26,20,17,0,0.301,162,55
2024-01-04,Email,25,19,17,2,0.34,121,60
2024-01-05,Email,24,21,15,1,0.348,162,78
2024-01-06,Email,21,16,14,0,0.389,208,39
2024-01-07,Email,17,14,9,0,0.443,175,38
2024-01-08,Email,24,21,16,3,0.313,169,83
2024-01-09,Email,23,19,14,0,0.323,176,58
2024-01-10,Email,26,23,14,1,0.379,156,48
2024-01-11,Email,27,23,16,4,0.332,166,94
2024-01-12,Email,27,23,16,0,0.303,226,80
2024-01-13,Email,20,16,11,0,0.326,182,55
2024-01-14,Email,18,16,12,0,0.284,175,39
2024-01-15,Email,25,20,16,0,0.37,171,61
2024-01-16,Email,23,19,14,2,0.34,136,59
2024-01-17,Email,28,25,16,2,0.35,158,76
2024-01-18,Email,26,23,18,0,0.361,183,66
2024-01-19,Email,25,22,15,1,0.346,123,69
2024-01-20,Email,20,18,13,0,0.327,175,56
2024-01-21,Email,18,14,11,0,0.397,135,35
2024-01-22,Email,26,20,18,1,0.405,181,61
2024-01-23,Email,25,22,14,0,0.406,151,46
2024-01-24,Email,26,22,15,2,0.359,183,57
2024-01-25,Email,25,21,16,0,0.298,145,54
2024-01-26,Email,24,21,13,2,0.306,207,61
2024-01-27,Email,19,17,12,0,0.294,178,40
2024-01-28,Email,20,17,11,0,0.323,201,50
2024-01-29,Email,26,21,14,1,0.382,144,76
2024-01-30,Email,27,22,15,1,0.345,174,59
2024-01-31,Email,24,19,15,1,0.309,194,72
2024-02-01,Email,26,21,17,1,0.353,149,66
2024-02-02,Email,25,21,17,1,0.308,160,55
2024-02-03,Email,20,16,14,1,0.308,141,49
2024-02-04,Email,19,16,12,2,0.381,159,35
2024-02-05,Email,27,22,16,3,0.413,169,49
2024-02-06,Email,27,22,16,3,0.344,148,71
2024-02-07,Email,27,23,16,1,0.353,179,85
2024-02-08,Email,26,21,15,0,0.383,174,50
2024-02-09,Email,25,22,14,0,0.365,209,80
2024-02-10,Email,19,15,12,0,0.347,182,44
2024-02-11,Email,19,17,13,1,0.358,152,60
2024-02-12,Email,26,21,17,1,0.345,159,69
2024-02-13,Email,26,22,15,1,0.391,205,71
2024-02-14,Email,25,20,14,2,0.341,161,66
2024-02-15,Email,24,21,16,2,0.317,135,59
2024-02-16,Email,26,20,16,0,0.371,159,77
2024-02-17,Email,20,16,13,3,0.416,158,51
2024-02-18,Email,18,15,11,0,0.368,185,52
2024-02-19,Email,27,23,17,0,0.347,162,73
2024-02-20,Email,29,25,15,0,0.359,145,87
2024-02-21,Email,28,24,18,3,0.353,149,82
2024-02-22,Email,29,25,18,1,0.365,185,96
2024-02-23,Email,27,24,15,0,0.378,145,56
2024-02-24,Email,21,19,12,1,0.319,181,60
2024-02-25,Email,19,15,11,0,0.307,158,48
2024-02-26,Email,26,22,18,1,0.383,166,71
2024-02-27,Email,23,20,14,0,0.374,176,58
2024-02-28,Email,29,25,18,3,0.301,189,100
2024-02-29,Email,29,22,17,2,0.333,173,53
2024-03-01,Email,26,21,16,1,0.328,159,77
2024-03-02,Email,20,16,12,1,0.329,173,41
2024-03-03,Email,19,16,12,0,0.375,189,55
2024-03-04,Email,28,24,15,1,0.389,181,74
2024-03-05,Email,29,23,19,1,0.373,177,69
2024-03-06,Email,25,21,17,2,0.403,225,69
2024-03-07,Email,28,25,15,2,0.42,182,73
2024-03-08,Email,27,23,18,0,0.316,148,87
2024-03-09,Email,20,18,11,0,0.37,172,59
2024-03-10,Email,21,18,12,1,0.372,195,50
2024-03-11,Email,27,21,17,0,0.357,201,87
2024-03-12,Email,27,22,15,0,0.327,168,92
2024-03-13,Email,27,24,16,1,0.351,176,91
2024-03-14,Email,29,25,20,0,0.371,167,78
2024-03-15,Email,28,22,15,1,0.371,174,60
2024-03-16,Email,21,16,13,1,0.365,155,48
2024-03-17,Email,19,16,11,1,0.324,191,55
2024-03-18,Email,27,23,15,0,0.304,160,82
2024-03-19,Email,29,26,20,1,0.364,145,56
2024-03-20,Email,28,24,18,1,0.307,186,68
2024-03-21,Email,29,25,18,0,0.32,186,68
2024-03-22,Email,30,23,18,1,0.351,170,80
2024-03-23,Email,22,17,15,1,0.286,167,74
2024-03-24,Email,21,18,13,0,0.339,141,61
2024-03-25,Email,27,21,19,2,0.335,157,60
2024-03-26,Email,24,19,17,0,0.328,163,47
2024-03-27,Email,28,25,16,2,0.306,162,74
2024-03-28,Email,28,25,19,1,0.292,187,68
2024-03-29,Email,29,25,18,1,0.371,131,56
2024-03-30,Email,21,17,12,0,0.417,151,62
2024-03-31,Email,21,18,13,1,0.328,167,54
2024-04-01,Email,26,22,17,2,0.319,169,47
2024-04-02,Email,27,23,18,1,0.349,132,67
2024-04-03,Email,29,23,16,1,0.306,190,100
2024-04-04,Email,31,25,18,1,0.353,189,84
2024-04-05,Email,28,23,18,2,0.415,132,92
2024-04-06,Email,22,19,12,0,0.302,151,54
2024-04-07,Email,22,18,15,0,0.336,112,71
2024-04-08,Email,27,22,16,2,0.356,189,58
2024-04-09,Email,29,25,16,1,0.336,195,76
2024-04-10,Email,28,23,17,3,0.374,147,56
2024-04-11,Email,30,25,19,0,0.324,181,58
2024-04-12,Email,29,23,20,4,0.361,179,60
2024-04-13,Email,22,19,14,2,0.313,153,44
2024-04-14,Email,21,18,12,1,0.283,161,60
2024-04-15,Email,30,24,18,3,0.36,150,91
2024-04-16,Email,32,26,22,4,0.355,157,60
2024-04-17,Email,27,23,17,3,0.342,175,50
2024-04-18,Email,28,23,16,3,0.422,154,51
2024-04-19,Email,29,22,18,1,0.319,178,96
2024-04-20,Email,23,18,16,1,0.374,188,69
2024-04-21,Email,21,17,14,0,0.34,140,65
2024-04-22,Email,25,21,17,2,0.364,189,54
2024-04-23,Email,31,25,17,1,0.324,156,79
2024-04-24,Email,30,23,20,3,0.332,175,101
2024-04-25,Email,27,22,18,2,0.376,148,50
2024-04-26,Email,28,23,18,3,0.371,148,87
2024-04-27,Email,24,20,15,1,0.35,189,77
2024-04-28,Email,24,20,14,2,0.386,163,52
2024-04-29,Email,31,27,18,2,0.312,184,61
2024-04-30,Email,29,23,17,3,0.338,188,100
2024-05-01,Email,30,24,16,5,0.337,206,59
2024-05-02,Email,29,22,20,2,0.379,182,71
2024-05-03,Email,31,25,19,1,0.413,186,69
2024-05-04,Email,21,16,14,3,0.35,163,49
2024-05-05,Email,21,18,13,1,0.397,158,62
2024-05-06,Email,31,25,20,3,0.296,193,81
2024-05-07,Email,30,23,17,1,0.359,156,87
2024-05-08,Email,32,28,17,4,0.413,142,110
2024-05-09,Email,29,26,16,2,0.342,143,81
2024-05-10,Email,30,27,18,3,0.312,178,79
2024-05-11,Email,21,18,13,2,0.321,204,47
2024-05-12,Email,22,17,12,2,0.295,175,63
2024-05-13,Email,28,24,16,0,0.372,155,79
2024-05-14,Email,29,24,19,4,0.345,157,99
2024-05-15,Email,28,22,15,1,0.379,197,68
2024-05-16,Email,31,24,18,4,0.343,180,69
2024-05-17,Email,31,27,17,2,0.367,152,76
2024-05-18,Email,21,18,14,1,0.344,149,54
2024-05-19,Email,24,19,13,1,0.331,206,51
2024-05-20,Email,34,30,21,3,0.379,142,77
2024-05-21,Email,30,26,16,1,0.337,158,101
2024-05-22,Email,29,24,20,1,0.301,149,62
2024-05-23,Email,35,28,23,1,0.369,136,66
2024-05-24,Email,28,23,19,0,0.395,147,62
2024-05-25,Email,23,18,13,0,0.34,163,71
2024-05-26,Email,23,19,14,0,0.436,175,53
2024-05-27,Email,33,29,23,1,0.341,185,90
2024-05-28,Email,31,24,20,1,0.307,172,79
2024-05-29,Email,30,25,16,3,0.405,178,94
2024-05-30,Email,29,23,19,2,0.298,151,85
2024-05-31,Email,30,25,21,1,0.312,205,97
2024-06-01,Email,22,20,14,0,0.367,156,40
2024-06-02,Email,23,17,15,2,0.389,138,68
2024-06-03,Email,30,23,16,1,0.368,220,91
2024-06-04,Email,29,24,17,1,0.377,135,93
2024-06-05,Email,33,25,18,1,0.365,170,98
2024-06-06,Email,30,24,20,0,0.361,191,86
2024-06-07,Email,29,25,19,0,0.376,149,62
2024-06-08,Email,23,18,13,0,0.323,134,61
2024-06-09,Email,23,18,12,1,0.303,201,53
2024-06-10,Email,28,24,19,3,0.317,169,83
2024-06-11,Email,32,26,17,1,0.346,172,106
2024-06-12,Email,30,25,20,3,0.387,179,76
2024-06-13,Email,34,28,24,3,0.26,148,106
2024-06-14,Email,32,27,18,3,0.365,169,98
2024-06-15,Email,23,18,14,2,0.381,179,43
2024-06-16,Email,23,19,13,2,0.315,150,62
2024-06-17,Email,31,24,21,0,0.339,159,79
2024-06-18,Email,32,28,20,2,0.366,195,63
2024-06-19,Email,32,26,19,0,0.365,201,78
2024-06-20,Email,31,25,20,0,0.366,116,64
2024-06-21,Email,32,28,19,2,0.363,169,75
2024-06-22,Email,23,18,15,1,0.378,183,68
2024-06-23,Email,23,19,16,1,0.35,182,77
2024-06-24,Email,28,23,17,2,0.352,137,68
2024-06-25,Email,33,30,20,1,0.317,167,62
2024-06-26,Email,32,27,21,3,0.357,147,71
2024-06-27,Email,31,24,17,1,0.329,162,107
2024-06-28,Email,35,27,20,1,0.33,172,114
2024-06-29,Email,24,19,15,4,0.351,167,60
2024-06-30,Email,23,18,15,0,0.313,163,68
